[{"model": "admin.logentry", "pk": 1, "fields": {"action_time": "2021-01-28T20:45:35.300Z", "user": 1, "content_type": 9, "object_id": "1", "object_repr": "MOUNTAIN BIKES", "action_flag": 1, "change_message": "[{\"added\": {}}]"}}, {"model": "admin.logentry", "pk": 2, "fields": {"action_time": "2021-01-28T20:45:59.568Z", "user": 1, "content_type": 9, "object_id": "2", "object_repr": "SINGLE SPEED-BIKES", "action_flag": 1, "change_message": "[{\"added\": {}}]"}}, {"model": "admin.logentry", "pk": 3, "fields": {"action_time": "2021-01-28T20:46:27.380Z", "user": 1, "content_type": 9, "object_id": "3", "object_repr": "ROAD-BIKES", "action_flag": 1, "change_message": "[{\"added\": {}}]"}}, {"model": "admin.logentry", "pk": 4, "fields": {"action_time": "2021-01-28T20:48:40.074Z", "user": 1, "content_type": 8, "object_id": "1", "object_repr": "SPORTS SCOTTY", "action_flag": 1, "change_message": "[{\"added\": {}}]"}}, {"model": "admin.logentry", "pk": 5, "fields": {"action_time": "2021-01-28T20:53:49.251Z", "user": 1, "content_type": 10, "object_id": "1", "object_repr": "SCOTT SPARK", "action_flag": 1, "change_message": "[{\"added\": {}}]"}}, {"model": "admin.logentry", "pk": 6, "fields": {"action_time": "2021-01-28T21:58:18.377Z", "user": 1, "content_type": 10, "object_id": "1", "object_repr": "SCOTT SPARK", "action_flag": 3, "change_message": ""}}, {"model": "admin.logentry", "pk": 7, "fields": {"action_time": "2021-01-28T22:24:06.660Z", "user": 1, "content_type": 10, "object_id": "1", "object_repr": "SCOTT SPARK", "action_flag": 1, "change_message": "[{\"added\": {}}]"}}, {"model": "admin.logentry", "pk": 8, "fields": {"action_time": "2021-01-29T23:20:32.328Z", "user": 1, "content_type": 10, "object_id": "2", "object_repr": "POSTE MAN", "action_flag": 1, "change_message": "[{\"added\": {}}]"}}, {"model": "admin.logentry", "pk": 9, "fields": {"action_time": "2021-01-30T00:05:05.311Z", "user": 1, "content_type": 10, "object_id": "2", "object_repr": "POSTE MAN", "action_flag": 2, "change_message": "[{\"changed\": {\"fields\": [\"Titel model\"]}}]"}}, {"model": "admin.logentry", "pk": 10, "fields": {"action_time": "2021-01-30T00:06:21.672Z", "user": 1, "content_type": 10, "object_id": "2", "object_repr": "POSTE MAN", "action_flag": 2, "change_message": "[{\"changed\": {\"fields\": [\"Titel model\"]}}]"}}, {"model": "admin.logentry", "pk": 11, "fields": {"action_time": "2021-01-30T00:06:46.765Z", "user": 1, "content_type": 10, "object_id": "2", "object_repr": "POSTE MAN", "action_flag": 2, "change_message": "[{\"changed\": {\"fields\": [\"Titel model\"]}}]"}}, {"model": "admin.logentry", "pk": 12, "fields": {"action_time": "2021-02-01T21:30:48.710Z", "user": 1, "content_type": 10, "object_id": "2", "object_repr": "POSTE MAN", "action_flag": 2, "change_message": "[{\"changed\": {\"fields\": [\"Images\"]}}]"}}, {"model": "admin.logentry", "pk": 13, "fields": {"action_time": "2021-02-01T21:32:38.673Z", "user": 1, "content_type": 10, "object_id": "1", "object_repr": "SCOTT SPARK", "action_flag": 2, "change_message": "[{\"changed\": {\"fields\": [\"Images\"]}}]"}}, {"model": "admin.logentry", "pk": 14, "fields": {"action_time": "2021-02-01T21:39:26.664Z", "user": 1, "content_type": 8, "object_id": "2", "object_repr": "MASCOTTE", "action_flag": 1, "change_message": "[{\"added\": {}}]"}}, {"model": "admin.logentry", "pk": 15, "fields": {"action_time": "2021-02-01T21:46:39.022Z", "user": 1, "content_type": 10, "object_id": "3", "object_repr": "Chameleon", "action_flag": 1, "change_message": "[{\"added\": {}}]"}}, {"model": "admin.logentry", "pk": 16, "fields": {"action_time": "2021-02-01T21:48:14.548Z", "user": 1, "content_type": 10, "object_id": "4", "object_repr": "Chameleon Pro", "action_flag": 1, "change_message": "[{\"added\": {}}]"}}, {"model": "admin.logentry", "pk": 17, "fields": {"action_time": "2021-02-01T21:49:27.589Z", "user": 1, "content_type": 8, "object_id": "3", "object_repr": "ARDIS", "action_flag": 1, "change_message": "[{\"added\": {}}]"}}, {"model": "admin.logentry", "pk": 18, "fields": {"action_time": "2021-02-01T21:51:43.229Z", "user": 1, "content_type": 10, "object_id": "5", "object_repr": "Brave", "action_flag": 1, "change_message": "[{\"added\": {}}]"}}, {"model": "admin.logentry", "pk": 19, "fields": {"action_time": "2021-02-01T21:53:14.415Z", "user": 1, "content_type": 10, "object_id": "6", "object_repr": "Hilend", "action_flag": 1, "change_message": "[{\"added\": {}}]"}}, {"model": "admin.logentry", "pk": 20, "fields": {"action_time": "2021-02-01T22:00:31.750Z", "user": 1, "content_type": 10, "object_id": "7", "object_repr": "Hiperdrave 1", "action_flag": 1, "change_message": "[{\"added\": {}}]"}}, {"model": "admin.logentry", "pk": 21, "fields": {"action_time": "2021-02-01T22:02:27.020Z", "user": 1, "content_type": 10, "object_id": "8", "object_repr": "Contend", "action_flag": 1, "change_message": "[{\"added\": {}}]"}}, {"model": "admin.logentry", "pk": 22, "fields": {"action_time": "2021-02-01T22:04:11.529Z", "user": 1, "content_type": 10, "object_id": "9", "object_repr": "Strada", "action_flag": 1, "change_message": "[{\"added\": {}}]"}}, {"model": "admin.logentry", "pk": 23, "fields": {"action_time": "2021-02-01T22:06:01.187Z", "user": 1, "content_type": 10, "object_id": "10", "object_repr": "Strada comp", "action_flag": 1, "change_message": "[{\"added\": {}}]"}}, {"model": "admin.logentry", "pk": 24, "fields": {"action_time": "2021-02-01T22:07:35.632Z", "user": 1, "content_type": 10, "object_id": "11", "object_repr": "Defi", "action_flag": 1, "change_message": "[{\"added\": {}}]"}}, {"model": "admin.logentry", "pk": 25, "fields": {"action_time": "2021-02-01T22:08:45.763Z", "user": 1, "content_type": 10, "object_id": "12", "object_repr": "Beliv", "action_flag": 1, "change_message": "[{\"added\": {}}]"}}, {"model": "admin.logentry", "pk": 26, "fields": {"action_time": "2021-02-06T20:07:33.638Z", "user": 1, "content_type": 9, "object_id": "4", "object_repr": "Шашлычок", "action_flag": 3, "change_message": ""}}, {"model": "admin.logentry", "pk": 27, "fields": {"action_time": "2021-02-06T23:13:10.434Z", "user": 1, "content_type": 7, "object_id": "2", "object_repr": "IvanIvanov-1@ua.fm: Hello world!", "action_flag": 2, "change_message": "[{\"changed\": {\"fields\": [\"Is processed\"]}}]"}}, {"model": "admin.logentry", "pk": 28, "fields": {"action_time": "2021-02-07T07:21:09.650Z", "user": 1, "content_type": 9, "object_id": "5", "object_repr": "Шашлычок", "action_flag": 3, "change_message": ""}}, {"model": "admin.logentry", "pk": 29, "fields": {"action_time": "2021-02-18T21:38:48.548Z", "user": 1, "content_type": 13, "object_id": "22", "object_repr": "Order 22", "action_flag": 3, "change_message": ""}}, {"model": "admin.logentry", "pk": 30, "fields": {"action_time": "2021-02-18T21:38:48.552Z", "user": 1, "content_type": 13, "object_id": "21", "object_repr": "Order 21", "action_flag": 3, "change_message": ""}}, {"model": "admin.logentry", "pk": 31, "fields": {"action_time": "2021-02-18T21:38:48.555Z", "user": 1, "content_type": 13, "object_id": "20", "object_repr": "Order 20", "action_flag": 3, "change_message": ""}}, {"model": "admin.logentry", "pk": 32, "fields": {"action_time": "2021-02-18T21:38:48.557Z", "user": 1, "content_type": 13, "object_id": "19", "object_repr": "Order 19", "action_flag": 3, "change_message": ""}}, {"model": "admin.logentry", "pk": 33, "fields": {"action_time": "2021-02-18T21:38:48.559Z", "user": 1, "content_type": 13, "object_id": "18", "object_repr": "Order 18", "action_flag": 3, "change_message": ""}}, {"model": "admin.logentry", "pk": 34, "fields": {"action_time": "2021-02-18T21:38:48.562Z", "user": 1, "content_type": 13, "object_id": "17", "object_repr": "Order 17", "action_flag": 3, "change_message": ""}}, {"model": "admin.logentry", "pk": 35, "fields": {"action_time": "2021-02-18T21:39:24.907Z", "user": 1, "content_type": 13, "object_id": "16", "object_repr": "Order 16", "action_flag": 3, "change_message": ""}}, {"model": "admin.logentry", "pk": 36, "fields": {"action_time": "2021-02-18T21:39:24.911Z", "user": 1, "content_type": 13, "object_id": "15", "object_repr": "Order 15", "action_flag": 3, "change_message": ""}}, {"model": "admin.logentry", "pk": 37, "fields": {"action_time": "2021-02-18T21:39:24.914Z", "user": 1, "content_type": 13, "object_id": "14", "object_repr": "Order 14", "action_flag": 3, "change_message": ""}}, {"model": "admin.logentry", "pk": 38, "fields": {"action_time": "2021-02-18T21:39:24.917Z", "user": 1, "content_type": 13, "object_id": "13", "object_repr": "Order 13", "action_flag": 3, "change_message": ""}}, {"model": "admin.logentry", "pk": 39, "fields": {"action_time": "2021-02-18T21:39:24.919Z", "user": 1, "content_type": 13, "object_id": "12", "object_repr": "Order 12", "action_flag": 3, "change_message": ""}}, {"model": "admin.logentry", "pk": 40, "fields": {"action_time": "2021-02-18T21:39:24.922Z", "user": 1, "content_type": 13, "object_id": "11", "object_repr": "Order 11", "action_flag": 3, "change_message": ""}}, {"model": "admin.logentry", "pk": 41, "fields": {"action_time": "2021-02-18T21:39:24.924Z", "user": 1, "content_type": 13, "object_id": "10", "object_repr": "Order 10", "action_flag": 3, "change_message": ""}}, {"model": "admin.logentry", "pk": 42, "fields": {"action_time": "2021-02-18T21:39:24.926Z", "user": 1, "content_type": 13, "object_id": "9", "object_repr": "Order 9", "action_flag": 3, "change_message": ""}}, {"model": "admin.logentry", "pk": 43, "fields": {"action_time": "2021-02-18T21:39:24.929Z", "user": 1, "content_type": 13, "object_id": "8", "object_repr": "Order 8", "action_flag": 3, "change_message": ""}}, {"model": "admin.logentry", "pk": 44, "fields": {"action_time": "2021-02-18T21:39:24.931Z", "user": 1, "content_type": 13, "object_id": "7", "object_repr": "Order 7", "action_flag": 3, "change_message": ""}}, {"model": "admin.logentry", "pk": 45, "fields": {"action_time": "2021-02-18T21:39:24.933Z", "user": 1, "content_type": 13, "object_id": "6", "object_repr": "Order 6", "action_flag": 3, "change_message": ""}}, {"model": "admin.logentry", "pk": 46, "fields": {"action_time": "2021-02-18T21:40:48.704Z", "user": 1, "content_type": 13, "object_id": "5", "object_repr": "Order 5", "action_flag": 3, "change_message": ""}}, {"model": "admin.logentry", "pk": 47, "fields": {"action_time": "2021-02-18T21:40:48.708Z", "user": 1, "content_type": 13, "object_id": "4", "object_repr": "Order 4", "action_flag": 3, "change_message": ""}}, {"model": "admin.logentry", "pk": 48, "fields": {"action_time": "2021-02-18T21:40:48.711Z", "user": 1, "content_type": 13, "object_id": "3", "object_repr": "Order 3", "action_flag": 3, "change_message": ""}}, {"model": "admin.logentry", "pk": 49, "fields": {"action_time": "2021-02-18T21:40:48.713Z", "user": 1, "content_type": 13, "object_id": "2", "object_repr": "Order 2", "action_flag": 3, "change_message": ""}}, {"model": "admin.logentry", "pk": 50, "fields": {"action_time": "2021-02-22T13:22:27.091Z", "user": 1, "content_type": 10, "object_id": "10", "object_repr": "Strada comp", "action_flag": 2, "change_message": "[]"}}, {"model": "admin.logentry", "pk": 51, "fields": {"action_time": "2021-02-22T13:22:41.306Z", "user": 1, "content_type": 10, "object_id": "7", "object_repr": "Hiperdrave 1", "action_flag": 2, "change_message": "[]"}}, {"model": "admin.logentry", "pk": 52, "fields": {"action_time": "2021-02-26T22:53:27.325Z", "user": 1, "content_type": 13, "object_id": "85", "object_repr": "Order 85", "action_flag": 3, "change_message": ""}}, {"model": "admin.logentry", "pk": 53, "fields": {"action_time": "2021-02-26T22:53:27.330Z", "user": 1, "content_type": 13, "object_id": "84", "object_repr": "Order 84", "action_flag": 3, "change_message": ""}}, {"model": "admin.logentry", "pk": 54, "fields": {"action_time": "2021-02-26T22:53:27.332Z", "user": 1, "content_type": 13, "object_id": "83", "object_repr": "Order 83", "action_flag": 3, "change_message": ""}}, {"model": "admin.logentry", "pk": 55, "fields": {"action_time": "2021-02-26T22:53:27.335Z", "user": 1, "content_type": 13, "object_id": "82", "object_repr": "Order 82", "action_flag": 3, "change_message": ""}}, {"model": "admin.logentry", "pk": 56, "fields": {"action_time": "2021-02-26T22:53:27.337Z", "user": 1, "content_type": 13, "object_id": "81", "object_repr": "Order 81", "action_flag": 3, "change_message": ""}}, {"model": "admin.logentry", "pk": 57, "fields": {"action_time": "2021-02-26T22:53:27.339Z", "user": 1, "content_type": 13, "object_id": "80", "object_repr": "Order 80", "action_flag": 3, "change_message": ""}}, {"model": "admin.logentry", "pk": 58, "fields": {"action_time": "2021-02-26T22:53:27.342Z", "user": 1, "content_type": 13, "object_id": "79", "object_repr": "Order 79", "action_flag": 3, "change_message": ""}}, {"model": "admin.logentry", "pk": 59, "fields": {"action_time": "2021-02-26T22:53:27.344Z", "user": 1, "content_type": 13, "object_id": "78", "object_repr": "Order 78", "action_flag": 3, "change_message": ""}}, {"model": "admin.logentry", "pk": 60, "fields": {"action_time": "2021-02-26T22:53:27.347Z", "user": 1, "content_type": 13, "object_id": "77", "object_repr": "Order 77", "action_flag": 3, "change_message": ""}}, {"model": "admin.logentry", "pk": 61, "fields": {"action_time": "2021-02-26T22:53:27.349Z", "user": 1, "content_type": 13, "object_id": "76", "object_repr": "Order 76", "action_flag": 3, "change_message": ""}}, {"model": "admin.logentry", "pk": 62, "fields": {"action_time": "2021-02-26T22:53:27.352Z", "user": 1, "content_type": 13, "object_id": "75", "object_repr": "Order 75", "action_flag": 3, "change_message": ""}}, {"model": "admin.logentry", "pk": 63, "fields": {"action_time": "2021-02-26T22:53:27.354Z", "user": 1, "content_type": 13, "object_id": "74", "object_repr": "Order 74", "action_flag": 3, "change_message": ""}}, {"model": "admin.logentry", "pk": 64, "fields": {"action_time": "2021-02-26T22:53:27.357Z", "user": 1, "content_type": 13, "object_id": "73", "object_repr": "Order 73", "action_flag": 3, "change_message": ""}}, {"model": "admin.logentry", "pk": 65, "fields": {"action_time": "2021-02-26T22:53:27.360Z", "user": 1, "content_type": 13, "object_id": "72", "object_repr": "Order 72", "action_flag": 3, "change_message": ""}}, {"model": "admin.logentry", "pk": 66, "fields": {"action_time": "2021-02-26T22:53:27.363Z", "user": 1, "content_type": 13, "object_id": "71", "object_repr": "Order 71", "action_flag": 3, "change_message": ""}}, {"model": "admin.logentry", "pk": 67, "fields": {"action_time": "2021-02-26T22:53:27.365Z", "user": 1, "content_type": 13, "object_id": "70", "object_repr": "Order 70", "action_flag": 3, "change_message": ""}}, {"model": "admin.logentry", "pk": 68, "fields": {"action_time": "2021-02-26T22:53:27.368Z", "user": 1, "content_type": 13, "object_id": "69", "object_repr": "Order 69", "action_flag": 3, "change_message": ""}}, {"model": "admin.logentry", "pk": 69, "fields": {"action_time": "2021-02-26T22:53:27.370Z", "user": 1, "content_type": 13, "object_id": "68", "object_repr": "Order 68", "action_flag": 3, "change_message": ""}}, {"model": "admin.logentry", "pk": 70, "fields": {"action_time": "2021-02-26T22:53:27.373Z", "user": 1, "content_type": 13, "object_id": "67", "object_repr": "Order 67", "action_flag": 3, "change_message": ""}}, {"model": "admin.logentry", "pk": 71, "fields": {"action_time": "2021-02-26T22:53:27.375Z", "user": 1, "content_type": 13, "object_id": "66", "object_repr": "Order 66", "action_flag": 3, "change_message": ""}}, {"model": "admin.logentry", "pk": 72, "fields": {"action_time": "2021-02-26T22:53:27.378Z", "user": 1, "content_type": 13, "object_id": "65", "object_repr": "Order 65", "action_flag": 3, "change_message": ""}}, {"model": "admin.logentry", "pk": 73, "fields": {"action_time": "2021-02-26T22:53:27.380Z", "user": 1, "content_type": 13, "object_id": "64", "object_repr": "Order 64", "action_flag": 3, "change_message": ""}}, {"model": "admin.logentry", "pk": 74, "fields": {"action_time": "2021-02-26T22:53:27.383Z", "user": 1, "content_type": 13, "object_id": "63", "object_repr": "Order 63", "action_flag": 3, "change_message": ""}}, {"model": "admin.logentry", "pk": 75, "fields": {"action_time": "2021-02-26T22:53:27.385Z", "user": 1, "content_type": 13, "object_id": "62", "object_repr": "Order 62", "action_flag": 3, "change_message": ""}}, {"model": "admin.logentry", "pk": 76, "fields": {"action_time": "2021-02-26T22:53:27.388Z", "user": 1, "content_type": 13, "object_id": "61", "object_repr": "Order 61", "action_flag": 3, "change_message": ""}}, {"model": "admin.logentry", "pk": 77, "fields": {"action_time": "2021-02-26T22:53:27.390Z", "user": 1, "content_type": 13, "object_id": "60", "object_repr": "Order 60", "action_flag": 3, "change_message": ""}}, {"model": "admin.logentry", "pk": 78, "fields": {"action_time": "2021-02-26T22:53:27.392Z", "user": 1, "content_type": 13, "object_id": "59", "object_repr": "Order 59", "action_flag": 3, "change_message": ""}}, {"model": "admin.logentry", "pk": 79, "fields": {"action_time": "2021-02-26T22:53:27.395Z", "user": 1, "content_type": 13, "object_id": "58", "object_repr": "Order 58", "action_flag": 3, "change_message": ""}}, {"model": "admin.logentry", "pk": 80, "fields": {"action_time": "2021-02-26T22:53:27.398Z", "user": 1, "content_type": 13, "object_id": "57", "object_repr": "Order 57", "action_flag": 3, "change_message": ""}}, {"model": "admin.logentry", "pk": 81, "fields": {"action_time": "2021-02-26T22:53:27.400Z", "user": 1, "content_type": 13, "object_id": "56", "object_repr": "Order 56", "action_flag": 3, "change_message": ""}}, {"model": "admin.logentry", "pk": 82, "fields": {"action_time": "2021-02-26T22:53:27.403Z", "user": 1, "content_type": 13, "object_id": "55", "object_repr": "Order 55", "action_flag": 3, "change_message": ""}}, {"model": "admin.logentry", "pk": 83, "fields": {"action_time": "2021-02-26T22:53:27.406Z", "user": 1, "content_type": 13, "object_id": "54", "object_repr": "Order 54", "action_flag": 3, "change_message": ""}}, {"model": "admin.logentry", "pk": 84, "fields": {"action_time": "2021-02-26T22:53:27.409Z", "user": 1, "content_type": 13, "object_id": "53", "object_repr": "Order 53", "action_flag": 3, "change_message": ""}}, {"model": "admin.logentry", "pk": 85, "fields": {"action_time": "2021-02-26T22:53:27.412Z", "user": 1, "content_type": 13, "object_id": "52", "object_repr": "Order 52", "action_flag": 3, "change_message": ""}}, {"model": "admin.logentry", "pk": 86, "fields": {"action_time": "2021-02-26T22:53:27.414Z", "user": 1, "content_type": 13, "object_id": "51", "object_repr": "Order 51", "action_flag": 3, "change_message": ""}}, {"model": "admin.logentry", "pk": 87, "fields": {"action_time": "2021-02-26T22:53:27.417Z", "user": 1, "content_type": 13, "object_id": "50", "object_repr": "Order 50", "action_flag": 3, "change_message": ""}}, {"model": "admin.logentry", "pk": 88, "fields": {"action_time": "2021-02-26T22:53:27.419Z", "user": 1, "content_type": 13, "object_id": "49", "object_repr": "Order 49", "action_flag": 3, "change_message": ""}}, {"model": "admin.logentry", "pk": 89, "fields": {"action_time": "2021-02-26T22:53:27.422Z", "user": 1, "content_type": 13, "object_id": "48", "object_repr": "Order 48", "action_flag": 3, "change_message": ""}}, {"model": "admin.logentry", "pk": 90, "fields": {"action_time": "2021-02-26T22:53:27.424Z", "user": 1, "content_type": 13, "object_id": "47", "object_repr": "Order 47", "action_flag": 3, "change_message": ""}}, {"model": "admin.logentry", "pk": 91, "fields": {"action_time": "2021-02-26T22:53:27.427Z", "user": 1, "content_type": 13, "object_id": "46", "object_repr": "Order 46", "action_flag": 3, "change_message": ""}}, {"model": "admin.logentry", "pk": 92, "fields": {"action_time": "2021-02-26T22:53:27.429Z", "user": 1, "content_type": 13, "object_id": "45", "object_repr": "Order 45", "action_flag": 3, "change_message": ""}}, {"model": "admin.logentry", "pk": 93, "fields": {"action_time": "2021-02-26T22:53:27.432Z", "user": 1, "content_type": 13, "object_id": "44", "object_repr": "Order 44", "action_flag": 3, "change_message": ""}}, {"model": "admin.logentry", "pk": 94, "fields": {"action_time": "2021-02-26T22:53:27.434Z", "user": 1, "content_type": 13, "object_id": "43", "object_repr": "Order 43", "action_flag": 3, "change_message": ""}}, {"model": "admin.logentry", "pk": 95, "fields": {"action_time": "2021-02-26T22:53:27.437Z", "user": 1, "content_type": 13, "object_id": "42", "object_repr": "Order 42", "action_flag": 3, "change_message": ""}}, {"model": "admin.logentry", "pk": 96, "fields": {"action_time": "2021-02-26T22:53:27.439Z", "user": 1, "content_type": 13, "object_id": "41", "object_repr": "Order 41", "action_flag": 3, "change_message": ""}}, {"model": "admin.logentry", "pk": 97, "fields": {"action_time": "2021-02-26T22:53:27.442Z", "user": 1, "content_type": 13, "object_id": "40", "object_repr": "Order 40", "action_flag": 3, "change_message": ""}}, {"model": "admin.logentry", "pk": 98, "fields": {"action_time": "2021-02-26T22:53:27.444Z", "user": 1, "content_type": 13, "object_id": "39", "object_repr": "Order 39", "action_flag": 3, "change_message": ""}}, {"model": "admin.logentry", "pk": 99, "fields": {"action_time": "2021-02-26T22:53:27.446Z", "user": 1, "content_type": 13, "object_id": "38", "object_repr": "Order 38", "action_flag": 3, "change_message": ""}}, {"model": "admin.logentry", "pk": 100, "fields": {"action_time": "2021-02-26T22:53:27.450Z", "user": 1, "content_type": 13, "object_id": "37", "object_repr": "Order 37", "action_flag": 3, "change_message": ""}}, {"model": "admin.logentry", "pk": 101, "fields": {"action_time": "2021-02-26T22:53:27.453Z", "user": 1, "content_type": 13, "object_id": "36", "object_repr": "Order 36", "action_flag": 3, "change_message": ""}}, {"model": "admin.logentry", "pk": 102, "fields": {"action_time": "2021-02-26T22:53:27.456Z", "user": 1, "content_type": 13, "object_id": "35", "object_repr": "Order 35", "action_flag": 3, "change_message": ""}}, {"model": "admin.logentry", "pk": 103, "fields": {"action_time": "2021-02-26T22:53:27.458Z", "user": 1, "content_type": 13, "object_id": "34", "object_repr": "Order 34", "action_flag": 3, "change_message": ""}}, {"model": "admin.logentry", "pk": 104, "fields": {"action_time": "2021-02-26T22:53:27.461Z", "user": 1, "content_type": 13, "object_id": "33", "object_repr": "Order 33", "action_flag": 3, "change_message": ""}}, {"model": "admin.logentry", "pk": 105, "fields": {"action_time": "2021-02-26T22:53:27.463Z", "user": 1, "content_type": 13, "object_id": "32", "object_repr": "Order 32", "action_flag": 3, "change_message": ""}}, {"model": "admin.logentry", "pk": 106, "fields": {"action_time": "2021-02-26T22:53:27.466Z", "user": 1, "content_type": 13, "object_id": "31", "object_repr": "Order 31", "action_flag": 3, "change_message": ""}}, {"model": "admin.logentry", "pk": 107, "fields": {"action_time": "2021-02-26T22:53:27.468Z", "user": 1, "content_type": 13, "object_id": "30", "object_repr": "Order 30", "action_flag": 3, "change_message": ""}}, {"model": "admin.logentry", "pk": 108, "fields": {"action_time": "2021-02-26T22:53:27.471Z", "user": 1, "content_type": 13, "object_id": "29", "object_repr": "Order 29", "action_flag": 3, "change_message": ""}}, {"model": "admin.logentry", "pk": 109, "fields": {"action_time": "2021-02-26T22:53:27.473Z", "user": 1, "content_type": 13, "object_id": "28", "object_repr": "Order 28", "action_flag": 3, "change_message": ""}}, {"model": "admin.logentry", "pk": 110, "fields": {"action_time": "2021-02-26T22:53:27.476Z", "user": 1, "content_type": 13, "object_id": "27", "object_repr": "Order 27", "action_flag": 3, "change_message": ""}}, {"model": "admin.logentry", "pk": 111, "fields": {"action_time": "2021-02-26T22:53:27.478Z", "user": 1, "content_type": 13, "object_id": "26", "object_repr": "Order 26", "action_flag": 3, "change_message": ""}}, {"model": "admin.logentry", "pk": 112, "fields": {"action_time": "2021-02-26T22:53:27.480Z", "user": 1, "content_type": 13, "object_id": "25", "object_repr": "Order 25", "action_flag": 3, "change_message": ""}}, {"model": "admin.logentry", "pk": 113, "fields": {"action_time": "2021-02-26T22:53:27.483Z", "user": 1, "content_type": 13, "object_id": "24", "object_repr": "Order 24", "action_flag": 3, "change_message": ""}}, {"model": "admin.logentry", "pk": 114, "fields": {"action_time": "2021-02-26T22:53:27.485Z", "user": 1, "content_type": 13, "object_id": "23", "object_repr": "Order 23", "action_flag": 3, "change_message": ""}}, {"model": "admin.logentry", "pk": 115, "fields": {"action_time": "2021-02-26T22:53:27.488Z", "user": 1, "content_type": 13, "object_id": "1", "object_repr": "Order 1", "action_flag": 3, "change_message": ""}}, {"model": "admin.logentry", "pk": 116, "fields": {"action_time": "2021-03-14T20:43:52.199Z", "user": 1, "content_type": 3, "object_id": "1", "object_repr": "manager", "action_flag": 1, "change_message": "[{\"added\": {}}]"}}, {"model": "admin.logentry", "pk": 117, "fields": {"action_time": "2021-03-19T21:25:11.368Z", "user": 1, "content_type": 10, "object_id": "13", "object_repr": "HELLOW", "action_flag": 1, "change_message": "[{\"added\": {}}]"}}, {"model": "admin.logentry", "pk": 118, "fields": {"action_time": "2021-03-20T18:13:47.345Z", "user": 1, "content_type": 4, "object_id": "2", "object_repr": "Bro", "action_flag": 2, "change_message": "[{\"changed\": {\"fields\": [\"Groups\"]}}]"}}, {"model": "admin.logentry", "pk": 119, "fields": {"action_time": "2021-03-20T18:14:06.044Z", "user": 1, "content_type": 4, "object_id": "3", "object_repr": "BroPro", "action_flag": 2, "change_message": "[{\"changed\": {\"fields\": [\"Groups\"]}}]"}}, {"model": "admin.logentry", "pk": 120, "fields": {"action_time": "2021-03-20T18:14:06.218Z", "user": 1, "content_type": 4, "object_id": "3", "object_repr": "BroPro", "action_flag": 2, "change_message": "[]"}}, {"model": "auth.permission", "pk": 1, "fields": {"name": "Can add log entry", "content_type": 1, "codename": "add_logentry"}}, {"model": "auth.permission", "pk": 2, "fields": {"name": "Can change log entry", "content_type": 1, "codename": "change_logentry"}}, {"model": "auth.permission", "pk": 3, "fields": {"name": "Can delete log entry", "content_type": 1, "codename": "delete_logentry"}}, {"model": "auth.permission", "pk": 4, "fields": {"name": "Can view log entry", "content_type": 1, "codename": "view_logentry"}}, {"model": "auth.permission", "pk": 5, "fields": {"name": "Can add permission", "content_type": 2, "codename": "add_permission"}}, {"model": "auth.permission", "pk": 6, "fields": {"name": "Can change permission", "content_type": 2, "codename": "change_permission"}}, {"model": "auth.permission", "pk": 7, "fields": {"name": "Can delete permission", "content_type": 2, "codename": "delete_permission"}}, {"model": "auth.permission", "pk": 8, "fields": {"name": "Can view permission", "content_type": 2, "codename": "view_permission"}}, {"model": "auth.permission", "pk": 9, "fields": {"name": "Can add group", "content_type": 3, "codename": "add_group"}}, {"model": "auth.permission", "pk": 10, "fields": {"name": "Can change group", "content_type": 3, "codename": "change_group"}}, {"model": "auth.permission", "pk": 11, "fields": {"name": "Can delete group", "content_type": 3, "codename": "delete_group"}}, {"model": "auth.permission", "pk": 12, "fields": {"name": "Can view group", "content_type": 3, "codename": "view_group"}}, {"model": "auth.permission", "pk": 13, "fields": {"name": "Can add user", "content_type": 4, "codename": "add_user"}}, {"model": "auth.permission", "pk": 14, "fields": {"name": "Can change user", "content_type": 4, "codename": "change_user"}}, {"model": "auth.permission", "pk": 15, "fields": {"name": "Can delete user", "content_type": 4, "codename": "delete_user"}}, {"model": "auth.permission", "pk": 16, "fields": {"name": "Can view user", "content_type": 4, "codename": "view_user"}}, {"model": "auth.permission", "pk": 17, "fields": {"name": "Can add content type", "content_type": 5, "codename": "add_contenttype"}}, {"model": "auth.permission", "pk": 18, "fields": {"name": "Can change content type", "content_type": 5, "codename": "change_contenttype"}}, {"model": "auth.permission", "pk": 19, "fields": {"name": "Can delete content type", "content_type": 5, "codename": "delete_contenttype"}}, {"model": "auth.permission", "pk": 20, "fields": {"name": "Can view content type", "content_type": 5, "codename": "view_contenttype"}}, {"model": "auth.permission", "pk": 21, "fields": {"name": "Can add session", "content_type": 6, "codename": "add_session"}}, {"model": "auth.permission", "pk": 22, "fields": {"name": "Can change session", "content_type": 6, "codename": "change_session"}}, {"model": "auth.permission", "pk": 23, "fields": {"name": "Can delete session", "content_type": 6, "codename": "delete_session"}}, {"model": "auth.permission", "pk": 24, "fields": {"name": "Can view session", "content_type": 6, "codename": "view_session"}}, {"model": "auth.permission", "pk": 25, "fields": {"name": "Can add user messages", "content_type": 7, "codename": "add_usermessages"}}, {"model": "auth.permission", "pk": 26, "fields": {"name": "Can change user messages", "content_type": 7, "codename": "change_usermessages"}}, {"model": "auth.permission", "pk": 27, "fields": {"name": "Can delete user messages", "content_type": 7, "codename": "delete_usermessages"}}, {"model": "auth.permission", "pk": 28, "fields": {"name": "Can view user messages", "content_type": 7, "codename": "view_usermessages"}}, {"model": "auth.permission", "pk": 29, "fields": {"name": "Can add bike_brand", "content_type": 8, "codename": "add_bike_brand"}}, {"model": "auth.permission", "pk": 30, "fields": {"name": "Can change bike_brand", "content_type": 8, "codename": "change_bike_brand"}}, {"model": "auth.permission", "pk": 31, "fields": {"name": "Can delete bike_brand", "content_type": 8, "codename": "delete_bike_brand"}}, {"model": "auth.permission", "pk": 32, "fields": {"name": "Can view bike_brand", "content_type": 8, "codename": "view_bike_brand"}}, {"model": "auth.permission", "pk": 33, "fields": {"name": "Can add bike_type", "content_type": 9, "codename": "add_bike_type"}}, {"model": "auth.permission", "pk": 34, "fields": {"name": "Can change bike_type", "content_type": 9, "codename": "change_bike_type"}}, {"model": "auth.permission", "pk": 35, "fields": {"name": "Can delete bike_type", "content_type": 9, "codename": "delete_bike_type"}}, {"model": "auth.permission", "pk": 36, "fields": {"name": "Can view bike_type", "content_type": 9, "codename": "view_bike_type"}}, {"model": "auth.permission", "pk": 37, "fields": {"name": "Can add product bicycles", "content_type": 10, "codename": "add_productbicycles"}}, {"model": "auth.permission", "pk": 38, "fields": {"name": "Can change product bicycles", "content_type": 10, "codename": "change_productbicycles"}}, {"model": "auth.permission", "pk": 39, "fields": {"name": "Can delete product bicycles", "content_type": 10, "codename": "delete_productbicycles"}}, {"model": "auth.permission", "pk": 40, "fields": {"name": "Can view product bicycles", "content_type": 10, "codename": "view_productbicycles"}}, {"model": "auth.permission", "pk": 41, "fields": {"name": "Can add bike_size", "content_type": 11, "codename": "add_bike_size"}}, {"model": "auth.permission", "pk": 42, "fields": {"name": "Can change bike_size", "content_type": 11, "codename": "change_bike_size"}}, {"model": "auth.permission", "pk": 43, "fields": {"name": "Can delete bike_size", "content_type": 11, "codename": "delete_bike_size"}}, {"model": "auth.permission", "pk": 44, "fields": {"name": "Can view bike_size", "content_type": 11, "codename": "view_bike_size"}}, {"model": "auth.permission", "pk": 45, "fields": {"name": "Can add order item", "content_type": 12, "codename": "add_orderitem"}}, {"model": "auth.permission", "pk": 46, "fields": {"name": "Can change order item", "content_type": 12, "codename": "change_orderitem"}}, {"model": "auth.permission", "pk": 47, "fields": {"name": "Can delete order item", "content_type": 12, "codename": "delete_orderitem"}}, {"model": "auth.permission", "pk": 48, "fields": {"name": "Can view order item", "content_type": 12, "codename": "view_orderitem"}}, {"model": "auth.permission", "pk": 49, "fields": {"name": "Can add Заказ", "content_type": 13, "codename": "add_order"}}, {"model": "auth.permission", "pk": 50, "fields": {"name": "Can change Заказ", "content_type": 13, "codename": "change_order"}}, {"model": "auth.permission", "pk": 51, "fields": {"name": "Can delete Заказ", "content_type": 13, "codename": "delete_order"}}, {"model": "auth.permission", "pk": 52, "fields": {"name": "Can view Заказ", "content_type": 13, "codename": "view_order"}}, {"model": "auth.group", "pk": 1, "fields": {"name": "manager", "permissions": []}}, {"model": "auth.user", "pk": 1, "fields": {"password": "pbkdf2_sha256$260000$qvr1qlP0p2FJunTCVVCrZd$F3QDNF30R0639+yXU2rccjuofGwxTz0BH9THS8XTKdQ=", "last_login": "2021-03-21T18:47:51.552Z", "is_superuser": true, "username": "victor", "first_name": "", "last_name": "", "email": "vic5@ua.fm", "is_staff": true, "is_active": true, "date_joined": "2021-01-27T00:17:30.835Z", "groups": [], "user_permissions": []}}, {"model": "auth.user", "pk": 2, "fields": {"password": "pbkdf2_sha256$260000$zFwbHwNgsRafJkIYNiYy9r$Pe/4kYVpBZSUQkfjTAJ416ntRZUZUye2ypePS5Wu2KM=", "last_login": "2021-03-20T18:14:37.117Z", "is_superuser": false, "username": "Bro", "first_name": "", "last_name": "", "email": "", "is_staff": false, "is_active": true, "date_joined": "2021-03-17T19:18:53Z", "groups": [1], "user_permissions": []}}, {"model": "auth.user", "pk": 3, "fields": {"password": "pbkdf2_sha256$260000$0yJaMAP9ED6rASvhx0Ykm1$Qb1tNLYEFphMYrLLT8c0arVyTlZjV67d0j8Z2e0XKwM=", "last_login": "2021-03-20T18:11:55Z", "is_superuser": false, "username": "BroPro", "first_name": "", "last_name": "", "email": "", "is_staff": false, "is_active": true, "date_joined": "2021-03-20T18:01:00Z", "groups": [1], "user_permissions": []}}, {"model": "contenttypes.contenttype", "pk": 1, "fields": {"app_label": "admin", "model": "logentry"}}, {"model": "contenttypes.contenttype", "pk": 2, "fields": {"app_label": "auth", "model": "permission"}}, {"model": "contenttypes.contenttype", "pk": 3, "fields": {"app_label": "auth", "model": "group"}}, {"model": "contenttypes.contenttype", "pk": 4, "fields": {"app_label": "auth", "model": "user"}}, {"model": "contenttypes.contenttype", "pk": 5, "fields": {"app_label": "contenttypes", "model": "contenttype"}}, {"model": "contenttypes.contenttype", "pk": 6, "fields": {"app_label": "sessions", "model": "session"}}, {"model": "contenttypes.contenttype", "pk": 7, "fields": {"app_label": "contact", "model": "usermessages"}}, {"model": "contenttypes.contenttype", "pk": 8, "fields": {"app_label": "bicycles", "model": "bike_brand"}}, {"model": "contenttypes.contenttype", "pk": 9, "fields": {"app_label": "bicycles", "model": "bike_type"}}, {"model": "contenttypes.contenttype", "pk": 10, "fields": {"app_label": "bicycles", "model": "productbicycles"}}, {"model": "contenttypes.contenttype", "pk": 11, "fields": {"app_label": "bicycles", "model": "bike_size"}}, {"model": "contenttypes.contenttype", "pk": 12, "fields": {"app_label": "orders", "model": "orderitem"}}, {"model": "contenttypes.contenttype", "pk": 13, "fields": {"app_label": "orders", "model": "order"}}, {"model": "sessions.session", "pk": "0md72fn1mdepm7t88my6grrt9v2kmhe3", "fields": {"session_data": ".eJxVjMsOwiAQRf-FtSHDG1y69xvIAINUDU1KuzL-uzbpQrf3nHNfLOK2trgNWuJU2JkJdvrdEuYH9R2UO_bbzPPc12VKfFf4QQe_zoWel8P9O2g42rdWVtiivLGQg3FUTUaoSgdTU3bgKRBA8DUn74qXTgJqVTXIFAQEmYC9P8zgNxo:1l4YX4:oeCY15aDEUTYx8L_8P3EOnkv5iJ1n7Wz9Fm-qVs9AZk", "expire_date": "2021-02-10T00:18:02.833Z"}}, {"model": "sessions.session", "pk": "h9bzuo2r1k1jplkad5vqzufiikaayadw", "fields": {"session_data": ".eJxVjDEOgzAQBP9ydWQZ-2IwZXregM7nIyaJjGSgQvw9INHQzszuBkxlgXbbH9DTuqR-naX0Y4QWKrixQPyVfIr4ofyeFE95KWNQZ6IuO6tuivJ7Xe3tINGczjVadNZo45k9I8vQ6NCwtQeTWgTZRVPpwxDJ4JBx0FGsqeLTeKw17H8rRDs4:1lO379:XyBuVN1U5MvBa92QMKzZt2A-MUezp20lD4y3qaXJLyI", "expire_date": "2021-04-04T18:47:51.652Z"}}, {"model": "sessions.session", "pk": "ljia2no1ub136p0rs9wf1jyqnwbvcuam", "fields": {"session_data": ".eJxVzssOgjAQBdB_mTVppoW-WLr3G0ifUjVFoSwM4d8FQ6JuZjH3zM0s0Jm59N08hbFLHlqgUP3urHG3kPfAX02-DMQNuYzJkp2QI53IefDhfjrsX0Fvpn67rgUVvlZcoNNchsidwVg3mkfrJKqgA6JW0VklvWKSoWnq2CCzmqJmFrdSZ8YC7QJiH8_Z5JLKC1pWwWNMLuy_a0UQYa1A_hv6NRzxY9b1DQM4Tp0:1lFmba:ukSn2-HTrlQ7iGgvRQ7xITRaIAPB02j-WxCvQrQPSD4", "expire_date": "2021-03-12T23:33:06.369Z"}}, {"model": "sessions.session", "pk": "nkze4e635x1ubixeuga8d6cqtj0lxvly", "fields": {"session_data": ".eJxVjMsOwiAQRf-FtSHDG1y69xvIAINUDU1KuzL-uzbpQrf3nHNfLOK2trgNWuJU2JkJdvrdEuYH9R2UO_bbzPPc12VKfFf4QQe_zoWel8P9O2g42rdWVtiivLGQg3FUTUaoSgdTU3bgKRBA8DUn74qXTgJqVTXIFAQEmYC9P8zgNxo:1l6gnx:90rFhU_yAJNRmeP8XjuRtFyedzYZXC9VYLyO80LFtxM", "expire_date": "2021-02-15T21:32:17.454Z"}}, {"model": "sessions.session", "pk": "uejs9rs2sa4hdxcu53tsp1zgaargmmuq", "fields": {"session_data": "eyJjYXJ0Ijp7fX0:1lLXiG:pjcrd7xT7L5eNyNsEnaQIudhHwvqxythQKm7A7RgzDg", "expire_date": "2021-03-28T20:51:48.385Z"}}, {"model": "sessions.session", "pk": "x9gyezqucp70illcuviv7li68b9vfx73", "fields": {"session_data": "eyJjYXJ0Ijp7fX0:1lO12A:83QdKJFai_mYga-xTWVT2JLIjrXBv3U3Q4J1B-w4URw", "expire_date": "2021-04-04T16:34:34.474Z"}}, {"model": "bicycles.bike_type", "pk": 1, "fields": {"title": "MOUNTAIN BIKES", "categories_bicycles": 1, "is_visible": true}}, {"model": "bicycles.bike_type", "pk": 2, "fields": {"title": "SINGLE SPEED-BIKES", "categories_bicycles": 2, "is_visible": true}}, {"model": "bicycles.bike_type", "pk": 3, "fields": {"title": "ROAD-BIKES", "categories_bicycles": 3, "is_visible": true}}, {"model": "bicycles.bike_brand", "pk": 1, "fields": {"title": "SPORTS SCOTTY", "categories_bicycles": 1, "is_visible": true}}, {"model": "bicycles.bike_brand", "pk": 2, "fields": {"title": "MASCOTTE", "categories_bicycles": 2, "is_visible": true}}, {"model": "bicycles.bike_brand", "pk": 3, "fields": {"title": "ARDIS", "categories_bicycles": 3, "is_visible": true}}, {"model": "bicycles.productbicycles", "pk": 1, "fields": {"titel": "SCOTT SPARK", "titel_model": "Model No: 3498", "price": "300.00", "images": "images/bicycles/917effbf-9562-414d-91bd-1e0ecd94124a.jpg", "bike_type": 1, "bike_brand": 1, "description": "The first mechanically-propelled, two-wheeled vehicle may have been built by Kirkpatrick MacMillan, a Scottish blacksmith, in 1839, although the claim is often disputed. He is also associated with the first recorded instance of a cycling traffic offense, when a Glasgow newspaper in 1842 reported an", "available": true, "created": "2021-01-28T22:24:06.659Z", "updated": "2021-02-01T21:32:38.671Z"}}, {"model": "bicycles.productbicycles", "pk": 2, "fields": {"titel": "POSTE MAN", "titel_model": "Model No:4581", "price": "250.00", "images": "images/bicycles/baa0c635-e706-45d6-b50d-017971f3f258.jpg", "bike_type": 1, "bike_brand": 1, "description": "The first mechanically-propelled, two-wheeled vehicle may have been built by Kirkpatrick MacMillan, a Scottish blacksmith, in 1839, although the claim is often disputed. He is also associated with the first recorded instance of a cycling traffic offense, when a Glasgow newspaper in 1842 reported an", "available": true, "created": "2021-01-29T23:20:32.325Z", "updated": "2021-02-01T21:30:48.707Z"}}, {"model": "bicycles.productbicycles", "pk": 3, "fields": {"titel": "Chameleon", "titel_model": "Model No: 3505", "price": "256.00", "images": "images/bicycles/9fc07b5c-ba74-4e21-8d33-00d263ea8c2e.jpg", "bike_type": 1, "bike_brand": 2, "description": "The first mechanically-propelled, two-wheeled vehicle may have been built by Kirkpatrick MacMillan, a Scottish blacksmith, in 1839, although the claim is often disputed. He is also associated with the first recorded instance of a cycling traffic offense, when a Glasgow newspaper in 1842 reported", "available": true, "created": "2021-02-01T21:46:39.019Z", "updated": "2021-02-01T21:46:39.019Z"}}, {"model": "bicycles.productbicycles", "pk": 4, "fields": {"titel": "Chameleon Pro", "titel_model": "Model No: 3510", "price": "300.00", "images": "images/bicycles/3bd3b83e-0c3a-46cb-a888-784732b1d1f6.jpg", "bike_type": 1, "bike_brand": 2, "description": "The first mechanically-propelled, two-wheeled vehicle may have been built by Kirkpatrick MacMillan, a Scottish blacksmith, in 1839, although the claim is often disputed. He is also associated with the first recorded instance of a cycling traffic offense, when a Glasgow newspaper in 1842 reported", "available": true, "created": "2021-02-01T21:48:14.545Z", "updated": "2021-02-01T21:48:14.545Z"}}, {"model": "bicycles.productbicycles", "pk": 5, "fields": {"titel": "Brave", "titel_model": "Model No: 2101", "price": "105.00", "images": "images/bicycles/d8b03017-bd0a-4c3a-9701-2c3d47be02d8.jpg", "bike_type": 1, "bike_brand": 3, "description": "The first mechanically-propelled, two-wheeled vehicle may have been built by Kirkpatrick MacMillan, a Scottish blacksmith, in 1839, although the claim is often disputed. He is also associated with the first recorded instance of a cycling traffic offense, when a Glasgow newspaper in 1842 reported", "available": true, "created": "2021-02-01T21:51:43.228Z", "updated": "2021-02-01T21:51:43.228Z"}}, {"model": "bicycles.productbicycles", "pk": 6, "fields": {"titel": "Hilend", "titel_model": "Model No: 2108", "price": "198.00", "images": "images/bicycles/e1538da1-5097-4700-9815-a9d1e0d74eec.jpg", "bike_type": 1, "bike_brand": 3, "description": "The first mechanically-propelled, two-wheeled vehicle may have been built by Kirkpatrick MacMillan, a Scottish blacksmith, in 1839, although the claim is often disputed. He is also associated with the first recorded instance of a cycling traffic offense, when a Glasgow newspaper in 1842 reported", "available": true, "created": "2021-02-01T21:53:14.414Z", "updated": "2021-02-01T21:53:14.414Z"}}, {"model": "bicycles.productbicycles", "pk": 7, "fields": {"titel": "Hiperdrave 1", "titel_model": "Model No: 5001", "price": "500.00", "images": "images/bicycles/8f64acbf-2401-4bef-a0b9-f04343b58df6.jpg", "bike_type": 3, "bike_brand": 1, "description": "The first mechanically-propelled, two-wheeled vehicle may have been built by Kirkpatrick MacMillan, a Scottish blacksmith, in 1839, although the claim is often disputed. He is also associated with the first recorded instance of a cycling traffic offense, when a Glasgow newspaper in 1842 reported an", "available": true, "created": "2021-02-01T22:00:31.748Z", "updated": "2021-02-22T13:22:41.304Z"}}, {"model": "bicycles.productbicycles", "pk": 8, "fields": {"titel": "Contend", "titel_model": "Model No: 5002", "price": "498.00", "images": "images/bicycles/32a92826-88d9-4109-9234-48d2223697c4.jpg", "bike_type": 3, "bike_brand": 1, "description": "The first mechanically-propelled, two-wheeled vehicle may have been built by Kirkpatrick MacMillan, a Scottish blacksmith, in 1839, although the claim is often disputed. He is also associated with the first recorded instance of a cycling traffic offense, when a Glasgow newspaper in 1842 reported an", "available": true, "created": "2021-02-01T22:02:27.019Z", "updated": "2021-02-01T22:02:27.019Z"}}, {"model": "bicycles.productbicycles", "pk": 9, "fields": {"titel": "Strada", "titel_model": "Model No: 4001", "price": "350.00", "images": "images/bicycles/e593b54f-f832-4067-b887-263c9e8e2eb6.jpg", "bike_type": 2, "bike_brand": 1, "description": "The first mechanically-propelled, two-wheeled vehicle may have been built by Kirkpatrick MacMillan, a Scottish blacksmith, in 1839, although the claim is often disputed. He is also associated with the first recorded instance of a cycling traffic offense, when a Glasgow newspaper in 1842 reported an", "available": true, "created": "2021-02-01T22:04:11.528Z", "updated": "2021-02-01T22:04:11.528Z"}}, {"model": "bicycles.productbicycles", "pk": 10, "fields": {"titel": "Strada comp", "titel_model": "Model No: 4002", "price": "375.00", "images": "images/bicycles/fe1b5e13-9c57-4f39-bb0d-e6f4a934d0fa.jpg", "bike_type": 2, "bike_brand": 1, "description": "The first mechanically-propelled, two-wheeled vehicle may have been built by Kirkpatrick MacMillan, a Scottish blacksmith, in 1839, although the claim is often disputed. He is also associated with the first recorded instance of a cycling traffic offense, when a Glasgow newspaper in 1842 reported an", "available": true, "created": "2021-02-01T22:06:01.185Z", "updated": "2021-02-22T13:22:27.088Z"}}, {"model": "bicycles.productbicycles", "pk": 11, "fields": {"titel": "Defi", "titel_model": "Model No: 4003", "price": "356.00", "images": "images/bicycles/929fbd28-7d3b-43d5-ab65-b7669bb599e5.jpg", "bike_type": 2, "bike_brand": 2, "description": "The first mechanically-propelled, two-wheeled vehicle may have been built by Kirkpatrick MacMillan, a Scottish blacksmith, in 1839, although the claim is often disputed. He is also associated with the first recorded instance of a cycling traffic offense, when a Glasgow newspaper in 1842 reported an", "available": true, "created": "2021-02-01T22:07:35.631Z", "updated": "2021-02-01T22:07:35.631Z"}}, {"model": "bicycles.productbicycles", "pk": 12, "fields": {"titel": "Beliv", "titel_model": "Model No: 4004", "price": "271.00", "images": "images/bicycles/1c86a3e3-9277-45e8-acbc-721886e6b8b7.jpg", "bike_type": 2, "bike_brand": 2, "description": "The first mechanically-propelled, two-wheeled vehicle may have been built by Kirkpatrick MacMillan, a Scottish blacksmith, in 1839, although the claim is often disputed. He is also associated with the first recorded instance of a cycling traffic offense, when a Glasgow newspaper in 1842 reported an", "available": true, "created": "2021-02-01T22:08:45.760Z", "updated": "2021-02-01T22:08:45.760Z"}}, {"model": "contact.usermessages", "pk": 1, "fields": {"name": "Victor", "surname": "Osmak", "user_email": "vic5@ua.fm", "message": "Hello world!", "is_processed": true, "send_date": "2021-01-27"}}, {"model": "contact.usermessages", "pk": 2, "fields": {"name": "Ivan", "surname": "Ivanov", "user_email": "1@ua.fm", "message": "Hello world!", "is_processed": false, "send_date": "2021-01-27"}}, {"model": "contact.usermessages", "pk": 3, "fields": {"name": "Victor", "surname": "Osmak", "user_email": "2@ua.fm", "message": "Hello world!!", "is_processed": false, "send_date": "2021-02-02"}}, {"model": "contact.usermessages", "pk": 4, "fields": {"name": "Victor", "surname": "Osmak", "user_email": "vic5@ua.fm", "message": "Hellow 1", "is_processed": false, "send_date": "2021-03-14"}}, {"model": "contact.usermessages", "pk": 5, "fields": {"name": "Victor", "surname": "Osmak", "user_email": "vic5@ua.fm", "message": "redis1", "is_processed": false, "send_date": "2021-03-14"}}, {"model": "contact.usermessages", "pk": 6, "fields": {"name": "Victor", "surname": "Ivanov", "user_email": "vic5@ua.fm", "message": "Hellow world5", "is_processed": false, "send_date": "2021-03-14"}}, {"model": "contact.usermessages", "pk": 7, "fields": {"name": "Victor", "surname": "Osmak", "user_email": "vic5@ua.fm", "message": "1123 Hellow", "is_processed": false, "send_date": "2021-03-14"}}, {"model": "orders.order", "pk": 86, "fields": {"first_name": "Victor", "last_name": "Osmak", "phone": "0672208195", "email": "vic5@ukr.net", "address": "Kiev", "created": "2021-02-26T22:54:26.951Z", "updated": "2021-02-26T22:54:26.951Z", "paid": false}}, {"model": "orders.order", "pk": 87, "fields": {"first_name": "1", "last_name": "1", "phone": "1", "email": "1@g.com", "address": "1", "created": "2021-02-26T23:09:48.044Z", "updated": "2021-02-26T23:09:48.044Z", "paid": false}}, {"model": "orders.order", "pk": 88, "fields": {"first_name": "1", "last_name": "1", "phone": "1", "email": "1@g.com", "address": "1", "created": "2021-02-26T23:14:20.971Z", "updated": "2021-02-26T23:14:20.971Z", "paid": false}}, {"model": "orders.order", "pk": 89, "fields": {"first_name": "Victor", "last_name": "Osmak", "phone": "0672208195", "email": "vic5@ukr.net", "address": "Kiev", "created": "2021-02-26T23:21:29.135Z", "updated": "2021-02-26T23:21:29.135Z", "paid": false}}, {"model": "orders.order", "pk": 90, "fields": {"first_name": "1", "last_name": "1", "phone": "1", "email": "1@g.com", "address": "1", "created": "2021-02-26T23:33:06.361Z", "updated": "2021-02-26T23:33:06.361Z", "paid": false}}, {"model": "orders.order", "pk": 91, "fields": {"first_name": "Victor", "last_name": "Osmak", "phone": "0672208195", "email": "vic5@ukr.net", "address": "Kiev", "created": "2021-02-26T23:58:03.221Z", "updated": "2021-02-26T23:58:03.221Z", "paid": false}}, {"model": "orders.order", "pk": 92, "fields": {"first_name": "1", "last_name": "1", "phone": "1", "email": "vic5@ukr.net", "address": "1", "created": "2021-02-27T00:07:27.938Z", "updated": "2021-02-27T00:07:27.938Z", "paid": false}}, {"model": "orders.order", "pk": 93, "fields": {"first_name": "1", "last_name": "1", "phone": "1", "email": "1@g.com", "address": "1", "created": "2021-02-27T00:16:01.046Z", "updated": "2021-02-27T00:16:01.046Z", "paid": false}}, {"model": "orders.order", "pk": 94, "fields": {"first_name": "Victor", "last_name": "Osmak", "phone": "0672208195", "email": "vic5@ukr.net", "address": "Kiev", "created": "2021-02-27T00:20:41.294Z", "updated": "2021-02-27T00:20:41.294Z", "paid": false}}, {"model": "orders.order", "pk": 95, "fields": {"first_name": "1", "last_name": "1", "phone": "1", "email": "1@g.com", "address": "1", "created": "2021-02-27T00:33:44.146Z", "updated": "2021-02-27T00:33:44.146Z", "paid": false}}, {"model": "orders.order", "pk": 96, "fields": {"first_name": "Victor", "last_name": "Osmak", "phone": "0672208195", "email": "vic5@ukr.net", "address": "Kiev", "created": "2021-02-27T10:25:21.846Z", "updated": "2021-02-27T10:25:21.846Z", "paid": false}}, {"model": "orders.order", "pk": 97, "fields": {"first_name": "Victor", "last_name": "Osmak", "phone": "0672208195", "email": "vic5@ukr.net", "address": "Kiev", "created": "2021-02-27T10:55:37.759Z", "updated": "2021-02-27T10:55:37.759Z", "paid": false}}, {"model": "orders.order", "pk": 98, "fields": {"first_name": "Victor", "last_name": "Osmak", "phone": "0672208195", "email": "vic5@ukr.net", "address": "Kiev", "created": "2021-02-27T18:18:07.933Z", "updated": "2021-02-27T18:18:07.933Z", "paid": false}}, {"model": "orders.order", "pk": 99, "fields": {"first_name": "Victor", "last_name": "Osmak", "phone": "0672208195", "email": "vic5@ukr.net", "address": "Kiev", "created": "2021-03-01T17:33:32.544Z", "updated": "2021-03-01T17:33:32.544Z", "paid": false}}, {"model": "orders.order", "pk": 100, "fields": {"first_name": "Victor", "last_name": "Osmak", "phone": "0672208195", "email": "vic5@ukr.net", "address": "Kiev", "created": "2021-03-01T17:35:12.359Z", "updated": "2021-03-01T17:35:12.359Z", "paid": false}}, {"model": "orders.order", "pk": 101, "fields": {"first_name": "Victor", "last_name": "Osmak", "phone": "0672208195", "email": "vic5@ukr.net", "address": "Kiev", "created": "2021-03-01T17:51:38.831Z", "updated": "2021-03-01T17:51:38.831Z", "paid": false}}, {"model": "orders.order", "pk": 102, "fields": {"first_name": "Victor", "last_name": "Osmak", "phone": "0672208195", "email": "vic5@ukr.net", "address": "Kiev", "created": "2021-03-01T17:59:17.804Z", "updated": "2021-03-01T17:59:17.804Z", "paid": false}}, {"model": "orders.order", "pk": 103, "fields": {"first_name": "Victor", "last_name": "Osmak", "phone": "0672208195", "email": "vic5@ukr.net", "address": "Kiev", "created": "2021-03-01T18:00:46.364Z", "updated": "2021-03-01T18:00:46.364Z", "paid": false}}, {"model": "orders.order", "pk": 104, "fields": {"first_name": "Victor", "last_name": "Osmak", "phone": "0672208195", "email": "vic5@ukr.net", "address": "Kiev", "created": "2021-03-01T18:02:13.650Z", "updated": "2021-03-01T18:02:13.650Z", "paid": false}}, {"model": "orders.order", "pk": 105, "fields": {"first_name": "Victor", "last_name": "Osmak", "phone": "0672208195", "email": "vic5@ukr.net", "address": "Kiev", "created": "2021-03-01T18:04:39.062Z", "updated": "2021-03-01T18:04:39.063Z", "paid": false}}, {"model": "orders.order", "pk": 106, "fields": {"first_name": "Victor", "last_name": "Osmak", "phone": "0672208195", "email": "vic5@ukr.net", "address": "Kiev", "created": "2021-03-01T18:18:08.774Z", "updated": "2021-03-01T18:18:08.774Z", "paid": false}}, {"model": "orders.order", "pk": 107, "fields": {"first_name": "Victor", "last_name": "Osmak", "phone": "0672208195", "email": "vic5@ukr.net", "address": "Kiev", "created": "2021-03-01T18:22:03.908Z", "updated": "2021-03-01T18:22:03.908Z", "paid": false}}, {"model": "orders.order", "pk": 108, "fields": {"first_name": "Victor", "last_name": "Osmak", "phone": "0672208195", "email": "vic5@ukr.net", "address": "Kiev", "created": "2021-03-01T18:38:14.435Z", "updated": "2021-03-01T18:38:14.435Z", "paid": false}}, {"model": "orders.order", "pk": 109, "fields": {"first_name": "Victor", "last_name": "Osmak", "phone": "0672208195", "email": "vic5@ukr.net", "address": "Kiev", "created": "2021-03-01T18:39:14.740Z", "updated": "2021-03-01T18:39:14.740Z", "paid": false}}, {"model": "orders.order", "pk": 110, "fields": {"first_name": "Victor", "last_name": "Osmak", "phone": "0672208195", "email": "vic5@ukr.net", "address": "Kiev", "created": "2021-03-01T18:39:20.295Z", "updated": "2021-03-01T18:39:20.295Z", "paid": false}}, {"model": "orders.order", "pk": 111, "fields": {"first_name": "Victor", "last_name": "Osmak", "phone": "0672208195", "email": "vic5@ukr.net", "address": "Kiev", "created": "2021-03-01T18:45:52.903Z", "updated": "2021-03-01T18:45:52.903Z", "paid": false}}, {"model": "orders.order", "pk": 112, "fields": {"first_name": "Victor", "last_name": "Osmak", "phone": "0672208195", "email": "vic5@ukr.net", "address": "Kiev", "created": "2021-03-01T18:53:03.105Z", "updated": "2021-03-01T18:53:03.105Z", "paid": false}}, {"model": "orders.order", "pk": 113, "fields": {"first_name": "Victor", "last_name": "Osmak", "phone": "0672208195", "email": "vic5@ukr.net", "address": "Kiev", "created": "2021-03-01T18:57:58.787Z", "updated": "2021-03-01T18:57:58.787Z", "paid": false}}, {"model": "orders.order", "pk": 114, "fields": {"first_name": "Victor", "last_name": "Osmak", "phone": "0672208195", "email": "vic5@ukr.net", "address": "Kiev", "created": "2021-03-01T18:58:44.559Z", "updated": "2021-03-01T18:58:44.559Z", "paid": false}}, {"model": "orders.order", "pk": 115, "fields": {"first_name": "Victor", "last_name": "Osmak", "phone": "0672208195", "email": "vic5@ukr.net", "address": "Kiev", "created": "2021-03-01T19:04:19.370Z", "updated": "2021-03-01T19:04:19.370Z", "paid": false}}, {"model": "orders.order", "pk": 116, "fields": {"first_name": "Victor", "last_name": "Osmak", "phone": "0672208195", "email": "vic5@ukr.net", "address": "Kiev", "created": "2021-03-01T19:07:56.649Z", "updated": "2021-03-01T19:07:56.649Z", "paid": false}}, {"model": "orders.order", "pk": 117, "fields": {"first_name": "Victor", "last_name": "Osmak", "phone": "0672208195", "email": "vic5@ukr.net", "address": "Kiev", "created": "2021-03-01T19:09:26.307Z", "updated": "2021-03-01T19:09:26.307Z", "paid": false}}, {"model": "orders.order", "pk": 118, "fields": {"first_name": "Victor", "last_name": "Osmak", "phone": "0672208195", "email": "vic5@ukr.net", "address": "Kiev", "created": "2021-03-01T19:20:38.073Z", "updated": "2021-03-01T19:20:38.073Z", "paid": false}}, {"model": "orders.order", "pk": 119, "fields": {"first_name": "Victor", "last_name": "Osmak", "phone": "0672208195", "email": "vic5@ukr.net", "address": "Kiev", "created": "2021-03-01T19:35:04.791Z", "updated": "2021-03-01T19:35:04.791Z", "paid": false}}, {"model": "orders.order", "pk": 120, "fields": {"first_name": "Victor", "last_name": "Osmak", "phone": "0672208195", "email": "vic5@ukr.net", "address": "Kiev", "created": "2021-03-01T19:51:43.437Z", "updated": "2021-03-01T19:51:43.437Z", "paid": false}}, {"model": "orders.order", "pk": 121, "fields": {"first_name": "Victor", "last_name": "Osmak", "phone": "0672208195", "email": "vic5@ukr.net", "address": "Kiev", "created": "2021-03-02T18:09:56.532Z", "updated": "2021-03-02T18:09:56.532Z", "paid": false}}, {"model": "orders.order", "pk": 122, "fields": {"first_name": "Victor", "last_name": "Osmak", "phone": "0672208195", "email": "vic5@ukr.net", "address": "Kiev", "created": "2021-03-02T22:02:19.158Z", "updated": "2021-03-02T22:02:19.158Z", "paid": false}}, {"model": "orders.order", "pk": 123, "fields": {"first_name": "Victor", "last_name": "Osmak", "phone": "0672208195", "email": "vic5@ukr.net", "address": "Kiev", "created": "2021-03-20T19:01:40.508Z", "updated": "2021-03-20T19:01:40.508Z", "paid": false}}, {"model": "orders.order", "pk": 124, "fields": {"first_name": "Victor", "last_name": "Osmak", "phone": "0672208195", "email": "vic5@ukr.net", "address": "Kiev", "created": "2021-03-20T19:06:07.131Z", "updated": "2021-03-20T19:06:07.131Z", "paid": false}}, {"model": "orders.order", "pk": 125, "fields": {"first_name": "Victor", "last_name": "Osmak", "phone": "0672208195", "email": "vic5@ukr.net", "address": "Kiev", "created": "2021-03-20T19:11:10.479Z", "updated": "2021-03-20T19:11:10.479Z", "paid": false}}, {"model": "orders.order", "pk": 126, "fields": {"first_name": "Victor", "last_name": "Osmak", "phone": "0672208195", "email": "vic5@ukr.net", "address": "Kiev", "created": "2021-03-20T19:55:03.622Z", "updated": "2021-03-20T19:55:03.622Z", "paid": false}}, {"model": "orders.order", "pk": 127, "fields": {"first_name": "Victor", "last_name": "Osmak", "phone": "0672208195", "email": "vic5@ukr.net", "address": "Kiev", "created": "2021-03-20T19:59:35.979Z", "updated": "2021-03-20T19:59:35.979Z", "paid": false}}, {"model": "orders.order", "pk": 128, "fields": {"first_name": "Victor", "last_name": "Osmak", "phone": "0672208195", "email": "vic5@ukr.net", "address": "Kiev", "created": "2021-03-20T19:59:40.045Z", "updated": "2021-03-20T19:59:40.045Z", "paid": false}}, {"model": "orders.order", "pk": 129, "fields": {"first_name": "Victor", "last_name": "Osmak", "phone": "0672208195", "email": "vic5@ukr.net", "address": "Kiev", "created": "2021-03-20T19:59:40.802Z", "updated": "2021-03-20T19:59:40.802Z", "paid": false}}, {"model": "orders.order", "pk": 130, "fields": {"first_name": "Victor", "last_name": "Osmak", "phone": "0672208195", "email": "vic5@ukr.net", "address": "Kiev", "created": "2021-03-20T19:59:41.024Z", "updated": "2021-03-20T19:59:41.024Z", "paid": false}}, {"model": "orders.order", "pk": 131, "fields": {"first_name": "Victor", "last_name": "Osmak", "phone": "0672208195", "email": "vic5@ukr.net", "address": "Kiev", "created": "2021-03-20T19:59:41.265Z", "updated": "2021-03-20T19:59:41.265Z", "paid": false}}, {"model": "orders.order", "pk": 132, "fields": {"first_name": "Victor", "last_name": "Osmak", "phone": "0672208195", "email": "vic5@ukr.net", "address": "Kiev", "created": "2021-03-20T19:59:51.375Z", "updated": "2021-03-20T19:59:51.375Z", "paid": false}}, {"model": "orders.orderitem", "pk": 55, "fields": {"order": 86, "bike": 6, "price": "198.00", "quantity": 2}}, {"model": "orders.orderitem", "pk": 56, "fields": {"order": 86, "bike": 7, "price": "500.00", "quantity": 1}}, {"model": "orders.orderitem", "pk": 57, "fields": {"order": 94, "bike": 6, "price": "198.00", "quantity": 2}}, {"model": "orders.orderitem", "pk": 58, "fields": {"order": 97, "bike": 6, "price": "198.00", "quantity": 2}}, {"model": "orders.orderitem", "pk": 59, "fields": {"order": 97, "bike": 7, "price": "500.00", "quantity": 1}}, {"model": "orders.orderitem", "pk": 60, "fields": {"order": 96, "bike": 6, "price": "198.00", "quantity": 2}}, {"model": "orders.orderitem", "pk": 61, "fields": {"order": 96, "bike": 7, "price": "500.00", "quantity": 1}}, {"model": "orders.orderitem", "pk": 62, "fields": {"order": 98, "bike": 6, "price": "198.00", "quantity": 2}}, {"model": "orders.orderitem", "pk": 63, "fields": {"order": 98, "bike": 7, "price": "500.00", "quantity": 1}}, {"model": "orders.orderitem", "pk": 64, "fields": {"order": 99, "bike": 8, "price": "498.00", "quantity": 1}}, {"model": "orders.orderitem", "pk": 65, "fields": {"order": 100, "bike": 8, "price": "498.00", "quantity": 1}}, {"model": "orders.orderitem", "pk": 66, "fields": {"order": 100, "bike": 4, "price": "300.00", "quantity": 1}}, {"model": "orders.orderitem", "pk": 67, "fields": {"order": 107, "bike": 4, "price": "300.00", "quantity": 3}}, {"model": "orders.orderitem", "pk": 68, "fields": {"order": 107, "bike": 1, "price": "300.00", "quantity": 1}}, {"model": "orders.orderitem", "pk": 69, "fields": {"order": 107, "bike": 5, "price": "105.00", "quantity": 1}}, {"model": "orders.orderitem", "pk": 70, "fields": {"order": 108, "bike": 4, "price": "300.00", "quantity": 3}}, {"model": "orders.orderitem", "pk": 71, "fields": {"order": 108, "bike": 1, "price": "300.00", "quantity": 1}}, {"model": "orders.orderitem", "pk": 72, "fields": {"order": 108, "bike": 5, "price": "105.00", "quantity": 1}}, {"model": "orders.orderitem", "pk": 73, "fields": {"order": 112, "bike": 5, "price": "105.00", "quantity": 1}}, {"model": "orders.orderitem", "pk": 74, "fields": {"order": 113, "bike": 5, "price": "105.00", "quantity": 1}}, {"model": "orders.orderitem", "pk": 75, "fields": {"order": 114, "bike": 5, "price": "105.00", "quantity": 1}}, {"model": "orders.orderitem", "pk": 76, "fields": {"order": 115, "bike": 5, "price": "105.00", "quantity": 1}}, {"model": "orders.orderitem", "pk": 77, "fields": {"order": 115, "bike": 3, "price": "256.00", "quantity": 5}}, {"model": "orders.orderitem", "pk": 78, "fields": {"order": 116, "bike": 5, "price": "105.00", "quantity": 1}}, {"model": "orders.orderitem", "pk": 79, "fields": {"order": 116, "bike": 3, "price": "256.00", "quantity": 5}}, {"model": "orders.orderitem", "pk": 80, "fields": {"order": 118, "bike": 5, "price": "105.00", "quantity": 1}}, {"model": "orders.orderitem", "pk": 81, "fields": {"order": 118, "bike": 3, "price": "256.00", "quantity": 5}}, {"model": "orders.orderitem", "pk": 82, "fields": {"order": 119, "bike": 5, "price": "105.00", "quantity": 1}}, {"model": "orders.orderitem", "pk": 83, "fields": {"order": 119, "bike": 3, "price": "256.00", "quantity": 5}}, {"model": "orders.orderitem", "pk": 84, "fields": {"order": 120, "bike": 2, "price": "250.00", "quantity": 2}}, {"model": "orders.orderitem", "pk": 85, "fields": {"order": 120, "bike": 8, "price": "498.00", "quantity": 1}}, {"model": "orders.orderitem", "pk": 86, "fields": {"order": 121, "bike": 3, "price": "256.00", "quantity": 2}}, {"model": "orders.orderitem", "pk": 87, "fields": {"order": 122, "bike": 1, "price": "300.00", "quantity": 3}}, {"model": "orders.orderitem", "pk": 88, "fields": {"order": 123, "bike": 7, "price": "500.00", "quantity": 2}}, {"model": "orders.orderitem", "pk": 89, "fields": {"order": 124, "bike": 7, "price": "500.00", "quantity": 2}}, {"model": "orders.orderitem", "pk": 90, "fields": {"order": 125, "bike": 7, "price": "500.00", "quantity": 2}}, {"model": "orders.orderitem", "pk": 91, "fields": {"order": 126, "bike": 8, "price": "498.00", "quantity": 1}}, {"model": "orders.orderitem", "pk": 92, "fields": {"order": 127, "bike": 8, "price": "498.00", "quantity": 1}}, {"model": "orders.orderitem", "pk": 93, "fields": {"order": 128, "bike": 8, "price": "498.00", "quantity": 1}}, {"model": "orders.orderitem", "pk": 94, "fields": {"order": 129, "bike": 8, "price": "498.00", "quantity": 1}}, {"model": "orders.orderitem", "pk": 95, "fields": {"order": 130, "bike": 8, "price": "498.00", "quantity": 1}}, {"model": "orders.orderitem", "pk": 96, "fields": {"order": 131, "bike": 8, "price": "498.00", "quantity": 1}}, {"model": "orders.orderitem", "pk": 97, "fields": {"order": 132, "bike": 8, "price": "498.00", "quantity": 1}}]
